Element Type,SourceObject,Element Collection,Element Group,Element Id,Element Name,Parent Element Id,Parent Element Name,Mandatory Element,Trigger Attribute,Output Attribute,Key Attribute,Method Name,Method Return Type,Parameter1
root,cashflows,XmartCashFlows,XmartCashFlow,1,xmartCashflowsEvent,,,Y,,,,,,
object,cashflows,XmartCashFlows,XmartCashFlow,2,cashflows,1,xmartCashflowsEvent,N,N,N,N,getCashflows,Cashflows,
attribute,cashflows,XmartCashFlows,XmartCashFlow,3,odcVersion,1,xmartCashflowsEvent,N,Y,Y,N,getOdcVersion,Long,
attribute,cashflows,XmartCashFlows,XmartCashFlow,4,documentKey,1,xmartCashflowsEvent,N,N,Y,N,getDocumentKey,long,
object,cashflows,XmartCashFlows,XmartCashFlow,5,transactionId,2,cashflows,N,Y,N,N,getTransactionId,TransactionId,
attribute,cashflows,XmartCashFlows,XmartCashFlow,6,sourceSystemTransactionId,5,transactionId,N,N,Y,N,getSourceSystemTransactionId,String,
attribute,cashflows,XmartCashFlows,XmartCashFlow,7,rawSourceSystemId,5,transactionId,N,N,N,N,getSourceSystemId,SystemInstanceId,
attribute_rule,cashflows,XmartCashFlows,XmartCashFlow,8,sourceSystemId,7,rawSourceSystemId,N,N,Y,N,mapODCEnumeration,String,
collection,cashflows,XmartCashFlows,XmartCashFlow,9,cashflowCollection,2,cashflows,N,N,N,N,getCashflows,Collection,
object,cashflows,XmartCashFlows,XmartCashFlow,10,cashflowAmount,9,cashflowCollection,N,N,N,N,getAmount,Amount,
attribute,cashflows,XmartCashFlows,XmartCashFlow,11,cashflowAmountValue,10,cashflowAmount,N,Y,Y,N,getValue,BigDecimal,
object,cashflows,XmartCashFlows,XmartCashFlow,12,cashflowAmountCurrencyId,10,cashflowAmount,N,N,N,N,getCurrencyId,CurrencyId,
attribute,cashflows,XmartCashFlows,XmartCashFlow,13,cashflowAmountCurrencyCode,12,cashflowAmountCurrencyId,N,Y,Y,N,getCurrencyCode,String,
object,cashflows,XmartCashFlows,XmartCashFlow,14,effectiveDt,9,cashflowCollection,N,Y,Y,N,getEffectiveDt,AdjustableDate,
attribute,cashflows,XmartCashFlows,XmartCashFlow,15,rawEffectiveDtAdjustedDate,14,effectiveDt,N,N,N,N,getAdjustedDate,BusinessDate,
attribute_rule,cashflows,XmartCashFlows,XmartCashFlow,16,effectiveDtAdjustedDate,15,rawEffectiveDtAdjustedDate,N,Y,Y,N,mapBusinessDate,String,
attribute,cashflows,XmartCashFlows,XmartCashFlow,17,rawEffectiveDtUnadjustedDate,14,effectiveDt,N,N,N,N,getUnadjustedDate,BusinessDate,
attribute_rule,cashflows,XmartCashFlows,XmartCashFlow,18,effectiveDtUnadjustedDate,17,rawEffectiveDtUnadjustedDate,N,Y,Y,N,mapBusinessDate,String,
attribute,cashflows,XmartCashFlows,XmartCashFlow,19,eventDateTime,9,cashflowCollection,N,Y,Y,N,getEventDateTime,Date,
attribute,cashflows,XmartCashFlows,XmartCashFlow,20,isEstimated,9,cashflowCollection,N,Y,Y,N,getIsEstimated,Boolean,
attribute,cashflows,XmartCashFlows,XmartCashFlow,21,legIdentifier,9,cashflowCollection,N,Y,Y,N,getLegIdentifier,String,
object,cashflows,XmartCashFlows,XmartCashFlow,22,payer,9,cashflowCollection,N,N,N,N,getPayer,TradingParty,
object,cashflows,XmartCashFlows,XmartCashFlow,23,payerSourceBookId,22,payer,N,N,N,N,getSourceBookId,SourceBookId,
attribute,cashflows,XmartCashFlows,XmartCashFlow,24,payerSourceSystemBookId,23,payerSourceBookId,N,Y,Y,N,getSourceSystemBookId,String,
attribute,cashflows,XmartCashFlows,XmartCashFlow,25,rawPayerBookSourceSystemId,23,payerSourceBookId,N,N,N,N,getBookSourceSystemId,SystemInstanceId,
attribute_rule,cashflows,XmartCashFlows,XmartCashFlow,26,payerBookSourceSystemId,25,rawPayerBookSourceSystemId,N,Y,Y,N,mapODCEnumeration,String,
object,cashflows,XmartCashFlows,XmartCashFlow,27,payerTradingCounterParty,22,payer,N,N,N,N,getTradingCounterpartyId,TradingCounterpartyId,
attribute,cashflows,XmartCashFlows,XmartCashFlow,28,rawPayerPartyClassification,27,payerTradingCounterParty,N,N,N,N,getPartyClassification,PartyClassification,
attribute_rule,cashflows,XmartCashFlows,XmartCashFlow,29,payerPartyClassification,28,rawPayerPartyClassification,N,Y,Y,N,mapODCEnumeration,String,
attribute,cashflows,XmartCashFlows,XmartCashFlow,30,payerPartyReference,27,payerTradingCounterParty,N,Y,Y,N,getPartyReference,String,
attribute,cashflows,XmartCashFlows,XmartCashFlow,31,rawPaymentType,9,cashflowCollection,N,N,N,N,getPaymentType,PaymentType,
attribute_rule,cashflows,XmartCashFlows,XmartCashFlow,32,paymentType,31,rawPaymentType,N,Y,Y,N,mapODCEnumeration,String,
object,cashflows,XmartCashFlows,XmartCashFlow,33,receiver,9,cashflowCollection,N,N,N,N,getReceiver,TradingParty,
object,cashflows,XmartCashFlows,XmartCashFlow,34,receiverSourceBookId,33,receiver,N,N,N,N,getSourceBookId,SourceBookId,
attribute,cashflows,XmartCashFlows,XmartCashFlow,35,receiverSourceSystemBookId,34,receiverSourceBookId,N,Y,Y,N,getSourceSystemBookId,String,
attribute,cashflows,XmartCashFlows,XmartCashFlow,36,rawReceiverBookSourceSystemId,34,receiverSourceBookId,N,N,N,N,getBookSourceSystemId,SystemInstanceId,
attribute_rule,cashflows,XmartCashFlows,XmartCashFlow,37,receiverBookSourceSystemId,36,rawReceiverBookSourceSystemId,N,Y,Y,N,mapODCEnumeration,String,
object,cashflows,XmartCashFlows,XmartCashFlow,38,recieverTradingCounterParty,33,receiver,N,N,N,N,getTradingCounterpartyId,TradingCounterpartyId,
attribute,cashflows,XmartCashFlows,XmartCashFlow,39,rawReceiverPartyClassification,38,recieverTradingCounterParty,N,N,N,N,getPartyClassification,PartyClassification,
attribute_rule,cashflows,XmartCashFlows,XmartCashFlow,40,receiverPartyClassification,39,rawReceiverPartyClassification,N,Y,Y,N,mapODCEnumeration,String,
attribute,cashflows,XmartCashFlows,XmartCashFlow,41,receiverPartyReference,38,recieverTradingCounterParty,N,Y,Y,N,getPartyReference,String,
attribute,cashflows,XmartCashFlows,XmartCashFlow,42,sourceSystemEventId,9,cashflowCollection,N,Y,Y,N,getSourceSystemEventId,String,
attribute,cashflows,XmartCashFlows,XmartCashFlow,43,settlementMessageRequired,9,cashflowCollection,N,Y,Y,N,getSettlementMessageRequired,Boolean,
object,cashflows,XmartCashFlows,XmartCashFlow,44,brokerage,9,cashflowCollection,N,N,N,N,getBrokerage,Brokerage,
object,cashflows,XmartCashFlows,XmartCashFlow,45,brokerageAmount,44,brokerage,N,N,N,N,getRcAmount,Amount,
attribute,cashflows,XmartCashFlows,XmartCashFlow,46,rcAmountValue,45,brokerageAmount,N,Y,Y,N,getValue,BigDecimal,
object,cashflows,XmartCashFlows,XmartCashFlow,47,rcAmountCurrencyId,45,brokerageAmount,N,N,N,N,getCurrencyId,CurrencyId,
attribute,cashflows,XmartCashFlows,XmartCashFlow,48,rcAmountCurrencyCode,47,rcAmountCurrencyId,N,Y,Y,N,getCurrencyCode,String,
attribute,cashflows,XmartCashFlows,XmartCashFlow,49,rawEffectiveDate,9,cashflowCollection,N,N,N,N,getEffectiveDate,BusinessDate,
attribute_rule,cashflows,XmartCashFlows,XmartCashFlow,50,effectiveDate,49,rawEffectiveDate,N,Y,Y,N,mapBusinessDate,String,
