Element Type,SourceObject,Element Collection,Element Group,Element Id,Element Name,Parent Element Id,Parent Element Name,Mandatory Element,Trigger Attribute,Output Attribute,Key Attribute,Method Name,Method Return Type,Method Parameter
root,mdxFxSpotRate,XmartMdxFxSpotRates,XmartMdxFxSpotRate,1,xmartMdxDocumentEvent,,,Y,,,,,,
attribute,mdxFxSpotRate,XmartMdxFxSpotRates,XmartMdxFxSpotRate,2,documentKey,1,xmartMdxDocumentEvent,Y,N,Y,Y,getDocumentKey,long,
object,mdxFxSpotRate,XmartMdxFxSpotRates,XmartMdxFxSpotRate,3,mdxDocument,1,xmartMdxDocumentEvent,Y,N,N,N,getStreamEvent,MdxDocumentEvent,
attribute,mdxFxSpotRate,XmartMdxFxSpotRates,XmartMdxFxSpotRate,4,mdxWrittenOnUtc,3,mdxDocument,N,Y,Y,N,getMdxDataStoreWriteTime,LocalDateTime,
attribute,mdxFxSpotRate,XmartMdxFxSpotRates,XmartMdxFxSpotRate,5,loadDate,3,mdxDocument,N,N,N,N,getLoadDate,String,
attribute_rule,mdxFxSpotRate,XmartMdxFxSpotRates,XmartMdxFxSpotRate,6,quoteDate,5,loadDate,N,Y,Y,N,mapMdxQuoteDate,LocalDate,
attribute,mdxFxSpotRate,XmartMdxFxSpotRates,XmartMdxFxSpotRate,7,mdxDocumentVersion,3,mdxDocument,N,Y,Y,N,getVersion,int,
object,mdxFxSpotRate,XmartMdxFxSpotRates,XmartMdxFxSpotRate,8,iMdxDocument,3,mdxDocument,N,N,N,N,getiMdxDocument,IMdxDocument,
object,mdxFxSpotRate,XmartMdxFxSpotRates,XmartMdxFxSpotRate,9,iMdxHeader,8,iMdxDocument,N,N,N,N,getHeader,IMdxHeader,
object,mdxFxSpotRate,XmartMdxFxSpotRates,XmartMdxFxSpotRate,10,iMdxIdentifier,9,iMdxHeader,N,N,N,N,getIdentifier,IMdxIdentifier,
attribute,mdxFxSpotRate,XmartMdxFxSpotRates,XmartMdxFxSpotRate,11,mdxValuationDate,10,iMdxIdentifier,N,N,N,N,getValuationDate,MdxValuationDate,
attribute_rule,mdxFxSpotRate,XmartMdxFxSpotRates,XmartMdxFxSpotRate,12,valuationDate,11,mdxValuationDate,N,Y,Y,N,mapMdxValuationDate,LocalDate,
object,mdxFxSpotRate,XmartMdxFxSpotRates,XmartMdxFxSpotRate,13,iMdxDocumentStatus,9,iMdxHeader,N,N,N,N,getStatus,IMdxDocumentStatus,
attribute,mdxFxSpotRate,XmartMdxFxSpotRates,XmartMdxFxSpotRate,14,status,13,iMdxDocumentStatus,N,Y,Y,N,getText,String,
object,mdxFxSpotRate,XmartMdxFxSpotRates,XmartMdxFxSpotRate,15,mdxDocumentTraverser,3,mdxDocument,N,N,N,N,getMdxDocumentTraverser,XmlDocumentTraverser,
object,mdxFxSpotRate,XmartMdxFxSpotRates,XmartMdxFxSpotRate,16,fxRate,15,mdxDocumentTraverser,N,N,N,N,getObjectNode,XmlDocumentTraverser,fxRate
attribute,mdxFxSpotRate,XmartMdxFxSpotRates,XmartMdxFxSpotRate,17,product,16,fxRate,N,Y,Y,N,getTextValueNode,String,product
object,mdxFxSpotRate,XmartMdxFxSpotRates,XmartMdxFxSpotRate,18,currency,16,fxRate,N,N,N,N,getObjectNode,XmlDocumentTraverser,currency
attribute,mdxFxSpotRate,XmartMdxFxSpotRates,XmartMdxFxSpotRate,19,baseCurrency,18,currency,N,Y,Y,N,getTextValueNode,String,base
attribute,mdxFxSpotRate,XmartMdxFxSpotRates,XmartMdxFxSpotRate,20,quotedCurrency,18,currency,N,Y,Y,N,getTextValueNode,String,quoted
object,mdxFxSpotRate,XmartMdxFxSpotRates,XmartMdxFxSpotRate,21,rate,16,fxRate,N,N,N,N,getObjectNode,XmlDocumentTraverser,rate
attribute,mdxFxSpotRate,XmartMdxFxSpotRates,XmartMdxFxSpotRate,22,tenor,21,rate,N,Y,Y,N,getTextValueNode,String,tenor
attribute,mdxFxSpotRate,XmartMdxFxSpotRates,XmartMdxFxSpotRate,23,valueDate,21,rate,N,Y,Y,N,getDateValueNode,LocalDate,valueDate
attribute,mdxFxSpotRate,XmartMdxFxSpotRates,XmartMdxFxSpotRate,24,lhs,21,rate,N,Y,Y,N,getDoubleValueNode,Double,lhs
attribute,mdxFxSpotRate,XmartMdxFxSpotRates,XmartMdxFxSpotRate,25,mid,21,rate,N,Y,Y,N,getDoubleValueNode,Double,mid
attribute,mdxFxSpotRate,XmartMdxFxSpotRates,XmartMdxFxSpotRate,26,rhs,21,rate,N,Y,Y,N,getDoubleValueNode,Double,rhs
object,mdxFxSpotRate,XmartMdxFxSpotRates,XmartMdxFxSpotRate,27,publicationInformation,16,fxRate,N,N,N,N,getObjectNode,XmlDocumentTraverser,publicationInformation
attribute,mdxFxSpotRate,XmartMdxFxSpotRates,XmartMdxFxSpotRate,28,producedIn,27,publicationInformation,N,Y,Y,N,getTextValueNode,String,producedIn
