Element Type,SourceObject,Element Collection,Element Group,Element Id,Element Name,Parent Element Id,Parent Element Name,Mandatory Element,Trigger Attribute,Output Attribute,Key Attribute,Method Name,Method Return Type,Parameter1
root,sds,XmartLegalAgreements,XmartLegalAgreement,1,XmartLegalAgreementSourceEvent,,,Y,N,N,N,,,
attribute,sds,XmartLegalAgreements,XmartLegalAgreement,2,documentKey,1,XmartLegalAgreementSourceEvent,Y,Y,Y,Y,getDocumentKey,long,
attribute,sds,XmartLegalAgreements,XmartLegalAgreement,3,dfVersion,1,XmartLegalAgreementSourceEvent,Y,Y,Y,Y,getDfVersion,long,
object,sds,XmartLegalAgreements,XmartLegalAgreement,4,json,1,XmartLegalAgreementSourceEvent,Y,N,N,N,getJsonDocumentTraverser,JSONDocumentTraverser,
attribute,sds,XmartLegalAgreements,XmartLegalAgreement,5,agreementId,4,json,Y,Y,Y,Y,getNodeStringValueAt,String,/agreementId
attribute,sds,XmartLegalAgreements,XmartLegalAgreement,6,agreementType,4,json,N,Y,Y,N,getNodeStringValueAt,String,/agreementType
attribute,sds,XmartLegalAgreements,XmartLegalAgreement,7,agreementTypeVersion,4,json,N,Y,Y,N,getNodeStringValueAt,String,/agreementTypeVersion